{
  "msg": {
    "COMMENT": "IF YOU DECIDE TO USE CUSTOM EMOJIS, USE THE NAME AND THE ID IN MSG, EXAMPLE: ⬜ --> <:progressbar_left_filled:818558865268408341>",

    "ERROR" : "<:no:933239221836206131>",
    "SUCCESS" : "<a:yes:933239140718358558>",

    "disabled" : "<:no:933239221836206131>",
    "enabled" : "<a:yes:933239140718358558>",

    "progress_bar": {
      "leftindicator": "[",
      "rightindicator": "]",

      "emptyframe": "⬜",
      "filledframe": "🟧"
    },

    "playing": "🎶",
    "pruning": "💬",
    "equalizer": "🎚",
    "cleared": "🗑",
    "leave_on_empty": "🗣️",
    "time": "⌛",
    "premium": "💰",
    "song_by": "💯",
    "setup": "⚙️",
    "dj": "🎧",
    "bot": "🤖",
    "search": "🔎",
    "resume": "▶",
    "pause": "⏸",
    "lyrics": "📃",
    "disk": "📀",
    "ping": "🏓",

    "rewind": "⏪",
    "forward": "⏩",
    "pause_resume": "⏯️",
    "stop": "⏹️",
    "previous_track": "⏮️",
    "skip_track": "⏭️",
    "replay_track": "🔃",
    "reduce_volume": "🔉",
    "raise_volume": "🔊",
    "toggle_mute": "🔇",
    "repeat_mode": "🔄",
    "autoplay_mode": "♾",
    "shuffle": "🔀",
    "show_queue": "📑",
    "show_current_track": "🩸"
  },
  "react": {

    "COMMENT": "IF YOU DECIDE TO USE CUSTOM EMOJIS, USE JUST THE ID IN REACT, EXAMPLE: ⏪ --> 818558865268408341",

    "ERROR" : "933239221836206131",
    "SUCCESS" : "933239140718358558",


    "rewind": "⏪",
    "forward": "⏩",
    "pause_resume": "⏯️",
    "stop": "⏹️",
    "previous_track": "⏮️",
    "skip_track": "⏭️",
    "replay_track": "🔃",
    "reduce_volume": "🔉",
    "raise_volume": "🔊",
    "toggle_mute": "🔇",
    "repeat_mode": "🔄",
    "autoplay_mode": "♾",
    "shuffle": "🔀",
    "show_queue": "📑",
    "show_current_track": "🩸"
  }

}
